{"pages":[{"name":"page1","title":"Family Planning","elements":[{"type":"radiogroup","name":"used_fp_method","title":"Have you ever used a modern family planning method?","description":"Okozesezzako enkola eyomulembe okutekateka ezadde.","isRequired":true,"choices":[{"value":"item1","text":"Yes \/ Yee","_value":1},{"value":"item2","text":"No \/ Nedda","_value":2}]},{"type":"radiogroup","name":"using_fp_method","visibleIf":"{used_fp_method} = 'item1'","title":"Are you currently using a modern family planning method?","description":" Oli kunkola ey'omulembe ey'entekateka y'ezadde?","isRequired":true,"choices":[{"value":"item1","text":"Yes \/ Yee","_value":1},{"value":"item2","text":"No \/ Nedda","_value":2}]}]},{"name":"page2","elements":[{"type":"checkbox","name":"which_fp_method_used","visibleIf":"{used_fp_method} = 'item1'","title":"Which family method?","description":" Ntekateka kki ey'zadde?","choices":[{"value":"item1","text":"Combined oral contraceptive \/ Empeke ezilimu ebirungo ebigatiddwa","_value":"false"},{"value":"item2","text":"Progesterone only pills \/ Empeke ezilumu ekilungo ekimu","_value":"false"},{"value":"item3","text":"Depo (injectable) \/ Empiso ya depo","_value":"false"},{"value":"item4","text":"Sayana press \/ Empiso ya sayana","_value":"false"},{"value":"item5","text":"Condoms \/ Obupiira","_value":"false"},{"value":"item6","text":"IUD (Coil) \/ Akaweta","_value":"false"},{"value":"item7","text":"Tubal ligation \/ Okusala ensekke","_value":"false"},{"value":"item8","text":"LAM (Lactational amenorrhea) \/ Okuyonsa kwokka","_value":"false"},{"value":"item9","text":"Calendar (cycle beads) \/  Okubala enakku z'omweezi","_value":"false"},{"value":"item10","text":"Implants","_value":"false"}],"hasOther":true,"otherText":"Other (describe) \/ N'endala"},{"type":"html","name":"Info2","visibleIf":"{used_fp_method} = 'item2'","html":"<hr><p>Educate the client about the family planning methods and possible side effects.<p>Options: Combined oral contraceptive \/ progesterone only pills \/ depo (injectable) \/ syana press \/ implants \/ condoms \/ IUD (coil) \/ tubal ligation \/ LAM (Lactational amenorrhea) \/ Calendar (cycle beads)<\/p><\/hr><hr>\n<p>Yigiriza buli azze okufuna obuwereza entekateka z'ezadde n'ebiyinza okutukako nga ozikozeseza.<\/p>\n\n\n<p>Empeke ezilimu ebirungo ebigatiddwa\/Empeke ezilumu ekilungo ekimu\/Empiso ya depo\/Empiso ya sayana\/implants\/Obupiira\/Akaweta\/Okusala ensekke\/Okuyonsa kwokka\/Okubala enakku z'omweezi\/n'endala<\/p>\n<\/hr>"}]},{"name":"page3","elements":[{"type":"radiogroup","name":"partner_yesno","title":"Was the partner included in the health education session?","description":"Omwagalwa Yabadde mukuyigirizibwa?","isRequired":true,"choices":[{"value":"item1","text":"Yes \/ Yee","_value":1},{"value":"item2","text":"No \/ Nedda","_value":2},{"value":"item3","text":"Not applicable \/ Tekyetagisa","_value":3}]}]},{"name":"page4","elements":[{"type":"radiogroup","name":"accept_fp_method","visibleIf":"{used_fp_method} = 'item2' or {using_fp_method} = 'item2'","title":"Does the client accept to take a FP method?","description":"Eyazze akiriza entekareka y'ezadde ?","choices":[{"value":"item1","text":"Yes \/ Yee","_value":1},{"value":"item2","text":"No \/ Nedda","_value":2}]},{"type":"radiogroup","name":"switch_fp_method","visibleIf":"{using_fp_method} = 'item1'","title":"Does the client want to switch to another FP method? ","description":"Eyazze yandiyadde okudda kuntekateka y'ezadde endala?","choices":[{"value":"item1","text":"Yes \/ Yee","_value":1},{"value":"item2","text":"No \/ Nedda","_value":2}]}]},{"name":"page5","elements":[{"type":"html","name":"info5","visibleIf":"{accept_fp_method} = 'item2' or {switch_fp_method} = 'item2'","html":"<hr>Thank the client for their time, and follow-up after 30 days\n<\/hr><hr>Webazze azze olw'obudde,era omukeberekko oluvanyuma lw'enakku amakumi asatu.<\/hr>"}]},{"name":"page6","visibleIf":"{accept_fp_method} = 'item1' or {switch_fp_method} = 'item1'","elements":[{"type":"radiogroup","name":"choose_new_fp_method","visibleIf":"{switch_fp_method} = 'item1' or {accept_fp_method} = 'item1'","title":"Which FP method does the client want to use?","description":"Kika kki eky'entekateka y'ezadde  eyazze ky'ayagala?","choices":[{"value":"item1","text":"Combined oral contraceptive \/ Empeke ezilimu ebirungo ebigatiddwa","_value":1},{"value":"item2","text":"Progesterone only pills \/ Empeke ezilumu ekilungo ekimu","_value":2},{"value":"item3","text":"Depo (injectable) \/ Empiso ya depo","_value":3},{"value":"item4","text":"Sayana press \/ Empiso ya sayana","_value":4},{"value":"item5","text":"Condoms \/ Obupiira","_value":5},{"value":"item6","text":"IUD (Coil) \/ Akaweta","_value":6},{"value":"item7","text":"Tubal ligation \/ Okusala ensekke","_value":7},{"value":"item8","text":"LAM (Lactational amenorrhea) \/ Okuyonsa kwokka","_value":8},{"value":"item9","text":"Calendar (cycle beads) \/  Okubala enakku z'omweezi","_value":9},{"value":"item10","text":"Implants","_value":10}],"hasOther":true,"otherText":"Other (describe) \/ N'endala"},{"type":"radiogroup","name":"oral_pills_given","visibleIf":"{choose_new_fp_method} = 'item1'","title":"Did you deliver the Combined oral contraception pills?","description":"Wawadde Empekke z'ebirungo ebibiri?","choices":[{"value":"item1","text":"Yes \/ Yee","_value":1},{"value":"item2","text":"No \/ Nedda","_value":2}]},{"type":"radiogroup","name":"condoms_given","visibleIf":"{choose_new_fp_method} = 'item5'","title":"Did you deliver the Condoms?","description":"Wawadde Bupiira?","choices":[{"value":"item1","text":"Yes \/ Yee","_value":1},{"value":"item2","text":"No \/ Nedda","_value":2}]},{"type":"radiogroup","name":"question1","visibleIf":"{choose_new_fp_method} = 'item4'","title":"Did you deliver the Sayana Press?","description":"Wawadde Sayana Press?","choices":[{"value":"item1","text":"Yes \/ Yee","_value":1},{"value":"item2","text":"No \/ Nedda","_value":2}]},{"type":"html","name":"info6-2","visibleIf":"{choose_new_fp_method} = 'item5' or {choose_new_fp_method} = 'item1' or {choose_new_fp_method} = 'item4'","html":"<hr>Remind the client that a follow-up needs to be done when refill is needed<\/hr><hr>Jjukiza azze nti okugobererwa kulina okolebwa w'aba alina okwongerayo empereza.<\/hr>\n"},{"type":"html","name":"info6-3","visibleIf":"{choose_new_fp_method} = 'item2' or {choose_new_fp_method} = 'item3' or {choose_new_fp_method} = 'item6' or {choose_new_fp_method} = 'item7' or {choose_new_fp_method} = 'item8' or {choose_new_fp_method} = 'item9' or {choose_new_fp_method} = 'item10'","html":"<hr>Refer to the health facility for other options\n<\/hr><hr>Ddala muwereze kuddwaliro erikuli okumpi.<\/hr>\n"}]}]}