{"title":"Level 2 Form","pages":[{"name":"Name1","elements":[{"type":"text","name":"name","title":"Name client","description":"Amanya?","isRequired":true}]},{"name":"Age-Gender","elements":[{"type":"text","name":"age","title":"Age client?","description":"Emyaka?","isRequired":true,"validators":[{"type":"numeric","minValue":0,"maxValue":99}]},{"type":"radiogroup","name":"gender","title":"Gender client?","description":"Ekikula?","isRequired":true,"choices":[{"value":"item1","text":"Man","_value":1},{"value":"item2","text":"Female","_value":2}]}]},{"name":"Phone3","elements":[{"type":"text","name":"question3","title":"Phone number client","description":"Enamba ye ssimu","isRequired":true,"validators":[{"type":"numeric","minValue":700000000,"maxValue":799999999}]},{"type":"text","name":"2nd phone number","title":"2nd phone number","description":"Enamba ey'okubiri bwaba agirina?","validators":[{"type":"numeric","minValue":700000000,"maxValue":799999999}]}]},{"name":"Image_Capture4","elements":[{"type":"radiogroup","name":"Issue-selection","title":"What is the issue?","isRequired":true,"choices":[{"value":"item1","text":"Skin Infection","_value":1},{"value":"item2","text":"Burns","_value":2},{"value":"item3","text":"Eye Infection","_value":3},{"value":"item4","text":"Ear Infection","_value":4}],"hasOther":true,"otherText":"Other"},{"type":"file","name":"image-upload","title":"Capture a photo of the infection\/issue.","isRequired":true,"allowMultiple":true,"acceptedTypes":".jpg","waitForUpload":true,"maxSize":0,"accept":"image\/*","allowImagesPreview":true,"capture":"capture"}]},{"name":"Allergies_medication5","elements":[{"type":"radiogroup","name":"allergies","title":"Does the patient have allergies?","description":"Olina alaje gwofuna?","isRequired":true,"choices":[{"value":"item1","text":"Yes \/ Yee","_value":1},{"value":"item2","text":"No \/ Nedda","_value":2},{"value":"item3","text":"Don't know \/ Simanyi","_value":3}]},{"type":"radiogroup","name":"question2","title":"Does the patient use any medication?","description":"Obadde ofuna obujjanjabi?","isRequired":true,"choices":[{"value":"item1","text":"Yes \/ Yee","_value":1},{"value":"item2","text":"No \/ Nedda","_value":2},{"value":"item3","text":"Don't know \/ Simanyi","_value":3}]}]},{"name":"Duration","elements":[{"type":"radiogroup","name":"duration_complaints","title":"For how long have the complaints been there?","description":"Omaze bbanga ki n'obuzibu buno?","isRequired":true,"choices":[{"value":"item1","text":"1-7 days \/ Olunaku 1 - 7","_value":1},{"value":"item2","text":"More than 7 days - 1 month \/ Enaku 7 - Omwezi 1","_value":2},{"value":"item3","text":"More than 1 month - Gusukka mu mwezi","_value":3},{"value":"item4","text":"I don't know \/ Simanyi","_value":4}]},{"type":"html","name":"Call","html":"You have completed this form. Click the 'COMPLETE' button to send the information to HE. After submitting, call the call center on\n<a href=\"tel:0800211040\">0800211040<\/a>"}]}]}