{"title":"ICCM assessment children under 5","pages":[{"name":"Name","title":"Name","elements":[{"type":"text","name":"Name_client","title":"Name of client?","description":"Amanya g\u00f3mulwadde","isRequired":true}]},{"name":"Age","title":"Age","elements":[{"type":"radiogroup","name":"<1-year","title":"Is the client a child <1 years? ","isRequired":true,"choices":[{"value":"item1","text":"Yes","_value":1},{"value":"item2","text":"No","_value":2}]},{"type":"text","name":"Age-years","visibleIf":"{<1-year} = 'item2'","title":"Age in years?","description":" Obukulu(mumyaaka)?","validators":[{"type":"numeric","text":"Numbers between 0 and 5 allowed only.","minValue":1,"maxValue":5}]},{"type":"text","name":"Age-months","visibleIf":"{<1-year} = 'item1'","title":"Age in months?","description":" Myeezi?","validators":[{"type":"numeric","text":"Numbers between 0 and 12 allowed only.","minValue":0,"maxValue":12}]}]},{"name":"Phone","title":"Phone number(s)","elements":[{"type":"text","name":"phone1","title":"What is the phone number of the parent\/caretaker?","description":"Enamba y\u00e9ssimu?","isRequired":true,"validators":[{"type":"numeric","text":"Please enter a valid ugandan phone number. It should have 10-number, like 0700000000.","minValue":700000000,"maxValue":799999999}],"maxLength":10}]},{"name":"Assessment","title":"Assessment","elements":[{"type":"radiogroup","name":"cough-fever-diarrhea","title":"Is the client showing any of the following symptoms: cough, fever, and\/or diarrhea?","description":"Omuntu alina akamu kububonero buno okugeza nga.Okukolola'omusujja oba ekiddukano","choices":[{"value":"item1","text":"Yes","_value":1},{"value":"item2","text":"No","_value":2}]},{"type":"html","name":"Call Call Center","visibleIf":"{cough-fever-diarrhea} = 'item2'","html":"Call the HE Call Center for Health Advice"}]},{"name":"Malaria-1","visibleIf":"{cough-fever-diarrhea} = 'item1'","title":"SECTION 1: Malaria\/Omusujja gw\u00e9nsiri","description":"Omusujja gw\u00e9nsiri\n","elements":[{"type":"radiogroup","name":"hotness-body","title":"Does the client currently have hotness of body or a history of fever?","description":"Omuntu alina omusujja?(ebbugumu mumubiri)","choices":[{"value":"item1","text":"Yes","_value":1},{"value":"item2","text":"No","_value":2}]},{"type":"radiogroup","name":"temperature","title":"What is the temperature of the person?","description":" Ebbugumu ly\u00e9nkana wa?","choices":[{"value":"item1","text":"Lower than 35 C","_value":1},{"value":"item2","text":"Between 35 and 37.5C","_value":2},{"value":"item3","text":"Between 37.6 and 38.9C","_value":3},{"value":"item4","text":"Higher than 39C","_value":4},{"value":"item5","text":"Don't have thermometer","_value":5}]},{"type":"html","name":"Info-11","visibleIf":"{hotness-body} = 'item2' and {temperature} = 'item5'","html":"Consult the HE Call Center to inquire if you can do an mRDT"}]},{"name":"Malaria-2","visibleIf":"{cough-fever-diarrhea} = 'item1' and {temperature} = 'item3' or {temperature} = 'item4'","title":"SECTION 1: Malaria\/Omusujja gw\u00e9nsiri","elements":[{"type":"radiogroup","name":"convulsions","visibleIf":"{temperature} = 'item4'","title":"Does the child have convulsions?","choices":[{"value":"item1","text":"Yes","_value":1},{"value":"item2","text":"No","_value":2}]},{"type":"html","name":"question3","visibleIf":"{convulsions} = 'item1'","html":"This is an emergency, give paracetamol and immediately refer the client to the nearest health facility."},{"type":"radiogroup","name":"fever-lasted","visibleIf":"{temperature} = 'item3' or {temperature} = 'item4'","title":"How long has the fever lasted (duration in days)?","description":"Omusujja gumazze banga kki( nnaku mekka)?","choices":[{"value":"item1","text":"Less than 1 week","_value":1},{"value":"item2","text":"Between 7 and 13 days","_value":2},{"value":"item3","text":"More than 14 days","_value":3}]},{"type":"html","name":"question1","visibleIf":"{fever-lasted} = 'item3'","html":"<p>Give paracetamol and immediately refer the client to the nearest health facility.<\/p>\n<p>Muwe panadol amangu ddala muwereze muddwaliro eliri okumpi.<\/p>"},{"type":"radiogroup","name":"malaria-treatment","visibleIf":"{fever-lasted} = 'item1' or {fever-lasted} = 'item2'","title":"Was the client treated for malaria in past 2 weeks?","description":"Omulwadde yajanjjabwako omusujja gw\u00e9nsiri muwiiki ebbiri emabega?","choices":[{"value":"item1","text":"Yes","_value":1},{"value":"item2","text":"No","_value":2}]},{"type":"html","name":"Info17","visibleIf":"{malaria-treatment} = 'item1'","html":"<p>Immediately refer the client to the nearest health facility when done with the complete assessment. <\/p>\n<p>Amangu ddala wereza omulwadde muddwaliro olw\u00f3kukeberwa obulungi.<\/p>\n"}]},{"name":"Malaria-3","visibleIf":"{cough-fever-diarrhea} = 'item1'","title":"SECTION 1: Malaria\/Omusujja gw\u00e9nsiri","elements":[{"type":"html","name":"Info18","visibleIf":"{fever-lasted} = 'item1' or {fever-lasted} = 'item2' and {convulsions} = 'item2'","html":"<p>Do a malaria rapid diagnostic test (mRDT).<\/p><p>\nKola okukebera kw\u00f3musujja mRDT<\/p>\n"},{"type":"radiogroup","name":"mRDT-result","title":"What is the result of mRDT?","description":"Bikki ebivudde mukukebera ne Mrdt?","choices":[{"value":"item1","text":"Positive","_value":1},{"value":"item2","text":"Negative","_value":2},{"value":"item3","text":"Invalid","_value":3},{"value":"item4","text":"Not done \/ Teyakoleddwa","_value":4}]},{"type":"html","name":"Info20A","visibleIf":"{mRDT-result} = 'item3'","html":"Repeat the mRDT because it is invalid."},{"type":"html","name":"Info20B","visibleIf":"{mRDT-result} = 'item4'","html":"Encourage the client to take an mRDT to be sure of the diagnosis.\n\n<p>Kubiriza omulwadde okukola mRDT okubera omukakafu kukimuluma.<\/p>\n"},{"type":"radiogroup","name":"mRDT-who","visibleIf":"{mRDT-result} = 'item1' or {mRDT-result} = 'item2'","title":"Who did the mRDT?","description":"Ani eyakoze mRDT","choices":[{"value":"item1","text":"CHV \/ VHT \/ CHE","_value":1},{"value":"item2","text":"Public health facility (e.g. dispensary, health center)","_value":2},{"value":"item3","text":"Clinic","_value":3}],"hasOther":true,"otherText":"Chemist"},{"type":"radiogroup","name":"mRDT-source","visibleIf":"{mRDT-result} = 'item1' or {mRDT-result} = 'item2' and {mRDT-who} = 'item1'","title":"Specify the source of mRDT","description":" Yawula wa gyeyajje mRDT?","choices":[{"value":"item1","text":"Healthy Entrepreneurs","_value":1},{"value":"item2","text":"Ministry of Health","_value":2}],"hasOther":true,"otherText":"Other"}]},{"name":"Diarrhea-1","visibleIf":"{cough-fever-diarrhea} = 'item1'","title":"SECTION 2: Diarrhea\/Ekiddukano","elements":[{"type":"radiogroup","name":"diarrhea-yesno","title":"Does the client have diarrhea?","description":"Omulwadde alina ekiddukano?","choices":[{"value":"item1","text":"Yes","_value":1},{"value":"item2","text":"No","_value":2}]},{"type":"radiogroup","name":"diarrhea-howmany","visibleIf":"{diarrhea-yesno} = 'item1'","title":"How many episodes of loose stool per day?","choices":[{"value":"item1","text":"1 or 2","_value":1},{"value":"item2","text":"3 or more","_value":2}]},{"type":"radiogroup","name":"diarrhea-howlong","visibleIf":"{diarrhea-yesno} = 'item1'","title":"How long has the diarrhea lasted?","description":"Ekiddukano kimaze banga ly\u00e9nkana wa?\n","choices":[{"value":"item1","text":"Less than 1 week","_value":1},{"value":"item2","text":"More than 1 week","_value":2},{"value":"item3","text":"14 days and above","_value":3}]},{"type":"html","name":"question2","visibleIf":"{diarrhea-howlong} = 'item2' or {diarrhea-howlong} = 'item3'","html":"<p>Provide ORS+Zinc and immediately refer the client to the nearest health facility when done with the complete assessment.<\/p><p>Muwe ORS ne Zinc era amangu ddala musindikke kudwaliro oluvanyuma lw\u00f3kumwekebejja<\/p>"}]},{"name":"Diarrhea-2","visibleIf":"{cough-fever-diarrhea} = 'item1' and {diarrhea-yesno} = 'item1'","title":"SECTION 2: Diarrhea\/Ekiddukano","elements":[{"type":"radiogroup","name":"dehydration-yesno","visibleIf":"{diarrhea-yesno} = 'item1'","title":"Is the child dehydrated? (sunken eyes, crying without tears, dry lips, extremely tired)","isRequired":true,"choices":[{"value":"item1","text":"Yes","_value":1},{"value":"item2","text":"No","_value":2}]},{"type":"html","name":"Info27","visibleIf":"{dehydration-yesno} = 'item1'","html":"This is an emergency, provide ORS+Zinc and immediately refer the client to the nearest health facility"},{"type":"radiogroup","name":"diarrhea-blood","visibleIf":"{diarrhea-yesno} = 'item1'","title":"Is there blood in the stool? ","description":"Addukana omusaayi?","isRequired":true,"choices":[{"value":"item1","text":"Yes","_value":1},{"value":"item2","text":"No","_value":2}]},{"type":"html","name":"Info29","visibleIf":"{diarrhea-blood} = 'item1'","html":"<p>Provide ORS+Zinc and immediately refer the client to the nearest health facility when done with the complete assessment.<\/p>\n\n<p>Muwe ORS ne Zinc era amangu ddala musindikke kudwaliro oluvanyuma lw\u00f3kumwekebejja<\/p>"}]},{"name":"Cough-1","visibleIf":"{cough-fever-diarrhea} = 'item1'","title":"SECTION 3: Cough \/ Okukolola","elements":[{"type":"radiogroup","name":"cough-yesno","title":"Does the client have a cough? ","description":"Omulwadde akolola?\n","isRequired":true,"choices":[{"value":"item1","text":"Yes","_value":1},{"value":"item2","text":"No","_value":2}]},{"type":"radiogroup","name":"cough-howlong","visibleIf":"{cough-yesno} = 'item1'","title":"How long has the cough lasted?","description":"Amaze bbanga kki nga akolola?","isRequired":true,"choices":[{"value":"item1","text":"Less than 1 week","_value":1},{"value":"item2","text":"Between 7 and 13 days","_value":2},{"value":"item3","text":"More than 14 days","_value":3}]},{"type":"radiogroup","name":"difficultybreathing-yesno","visibleIf":"{cough-yesno} = 'item1'","title":"Does the client have difficulty in breathing?","choices":[{"value":"item1","text":"Yes","_value":1},{"value":"item2","text":"No","_value":2}]},{"type":"html","name":"Info33","visibleIf":"{difficultybreathing-yesno} = 'item1'","html":"This is an emergency, immediately refer the client to the nearest health facility."},{"type":"html","name":"question5","visibleIf":"{difficultybreathing-yesno} = 'item1' and {cough-howlong} = 'item1'","html":"<p>Recommend home remedies; hot water with a mixture of honey\/ginger\/lemon, and follow-up after 2-3 days<\/p><p>Mulagilire eddagala ly\u00e1waka;amzzi agabuguma amatabule n\u00f3mubissi gw\u00e9njjuki\/entangawuzi\/ennimu, era omukebereko oluvanyuma lwanaku biri oba ssatu(2-3)<\/p>"},{"type":"html","name":"question6","visibleIf":"{difficultybreathing-yesno} = 'item1' and {cough-howlong} = 'item2' or {cough-howlong} = 'item3'","html":"<p>Recommend home remedies; hot water with a mixture of honey\/ginger\/lemon, and immediately refer to the nearest health facility when done with the complete assessment.<\/p><p>Mulagilire eddagala ly\u00e1waka;amazzi agabuguma amatabule n\u00f3mubissi gw\u00e9njjuki\/entangawuzi\/ennimu, era omukebereko oluvanyuma lwanaku biri oba ssatu(2-3) era amangu ddala muwereze kuddwaliro eliri okumpi nga omaze okumwekebejja<\/p>"}]},{"name":"Nutrition-1","title":"Section 4: Nutrition\/Ebyendya","description":"Assess the client for malnutrition using MUAC tape \/ Kebera omulwadde ne MUAC tape","elements":[{"type":"radiogroup","name":"MUAC-score","title":"What is the client's MUAC score (in colour)?","description":"Omulwadde yalaze atya (mulangi)?","choices":[{"value":"item1","text":"Green","_value":1},{"value":"item2","text":"Yellow","_value":2},{"value":"item3","text":"Red","_value":3}]},{"type":"html","name":"Info39","visibleIf":"{MUAC-score} = 'item2' or {MUAC-score} = 'item3'","html":"<p>The client has moderate accute malnutrition (MAM), immediately refer to the nearest health facility when done with the complete assessment.<\/p><p>Omulwadde alina okukonziba ? Muwelerezewo amangu ago kuddwaliro erikuli okumpi nga omazze okumukebera.<\/p>"},{"type":"radiogroup","name":"oedema-yesno","title":"Check for oedema by pressing the skin of the foot for 3 seconds. Does the skin form a dent when pressed?","description":"Kebera okuzimba nga onyinga olususu kumaggulu okumala obutikitiki 3?","choices":[{"value":"item1","text":"Yes","_value":1},{"value":"item2","text":"No","_value":2}]},{"type":"html","name":"question8","visibleIf":"{oedema-yesno} = 'item1'","html":"<p>Immediately refer to the nearest health facility when done with the complete assessment.<\/p><p>Omulwadde asobola okuba nga alina kwashiokor, amngu ddala muwereze muddwaliro oliri okumpi bamwekenenye.<\/p>"}]},{"name":"DangerSigns1","title":"SECTION 5: Danger sings","elements":[{"type":"checkbox","name":"dangersigns","title":"Does the client have any danger signs?","description":"Omulwadde alina kububonero obw\u00f3bulabe?\n","choices":[{"value":"item1","text":"Vomits everything","_value":"false"},{"value":"item2","text":"Unusually sleepy","_value":"false"},{"value":"item3","text":"Unable to feed","_value":"false"},{"value":"item4","text":"Convulsions","_value":"false"}],"hasNone":true,"noneText":"None of the above"},{"type":"html","name":"Info44","visibleIf":"{dangersigns} anyof ['item1', 'item3', 'item2', 'item4']","html":"<p>Immediately refer the client to the nearest health facility.<\/p><p>Amangu ddala muwereze kuddwaliro erikuli okumpi.<\/p>\n"}]},{"name":"Result","title":"RESULT","elements":[{"type":"html","name":"Info74","visibleIf":"{temperature} = 'item3' or {temperature} = 'item4' and {fever-lasted} = 'item1' or {fever-lasted} = 'item2' and {mRDT-result} = 'item2' or {mRDT-result} = 'item4'","html":"<p>Diagnosis: Fever<\/p>\n<p>Treatment: Give paracetamol and refer<\/p>\n<p>Refer to Health Education on Fever<\/p>\n\n\n\n"},{"type":"html","name":"question11","visibleIf":"{temperature} = 'item3' or {temperature} = 'item4' and {mRDT-result} = 'item1' and {fever-lasted} = 'item1' or {fever-lasted} = 'item2'","html":"<p>Diagnosis: Malaria<\/p>\n<p>Treatment: A\/L and paracetemol<\/p>\n<p>Refer to Health Education on Malaria<\/p>\n\n<hr>\n<p>Dosage info<\/p>\n<p>5 months - 3 years (\u22655 - <15kg): first day 1 tablet followed by 1 more tablet 8 hours later. Then, 1 tablet twice a day (every 12 hours) for 2 more days. <\/p>\n<p>3 - 7 years (15 - <25kg): first day 2 tablets followed by 2 more tablets 8 hours later. Then, 2 tablets twice a day (every 12 hours) for 2 more days.<\/p>\n<\/hr>\n<hr>\n<p>Emyeezi 5  - emyaaka 3  (okuva ku kilo \u22655 - wansi wa kilo <15): Olunaku olusooka empeke 1 mwongere empeke 1 oluvanyuma lwa saawa 8.Olumala, empeke  1 (Oluvanyuma lwasaaw 12) okumala enaku endala biri. <\/p>\n\n<p>Emyaaka 3 - okutuuka ku 7 (okuva ku kilo 15 - okukawansi <25kg): Olunaku olusooka mpeke 2mwongero empeke 2 oluvanyuma lw\u00e1swaaw 8. Awo muwe empele 2 emirundi 2(buli luvanyuma lwasawa 12)<\/p>\n<\/hr>"},{"type":"html","name":"question7","visibleIf":"{diarrhea-yesno} = 'item1' and {diarrhea-howlong} = 'item2' or {diarrhea-howlong} = 'item1' and {diarrhea-blood} = 'item2'","html":"<p>Diagnosis: Diarrhea<\/p>\n<p>Treatment: Give ORS + Zinc\n<\/p>\n<p>Refer to Health Education on Diarrhea<\/p>\n\n\n\n\n"},{"type":"html","name":"question4","visibleIf":"{diarrhea-yesno} = 'item1' and {diarrhea-howlong} = 'item3' or {diarrhea-blood} = 'item1'","html":"<p>Diagnosis: Diarrhea<\/p>\n<p>Treatment: Give ORS + Zinc and refer\n<\/p>\n<p>Refer to Health Education on Diarrhea<\/p>\n\n\n\n\n"},{"type":"html","name":"question9","visibleIf":"{cough-yesno} = 'item1' and {cough-howlong} = 'item1' or {cough-howlong} = 'item2'","html":"<p>Diagnosis: Cough<\/p>\n<p>Recommend home remedies; hot water with a mixture of honey\/ginger\/lemon\t\t\t\n<\/p>\n\n\n\n\n\n"},{"type":"html","name":"question10","visibleIf":"{cough-yesno} = 'item1' and {cough-howlong} = 'item3'","html":"<p>Diagnosis: Cough<\/p>\n<p>Recommend home remedies; hot water with a mixture of honey\/ginger\/lemon & immediately refer\t\t\t\n<\/p>\n\n\n\n\n\n"},{"type":"html","name":"Info81","visibleIf":"{temperature} = 'item2' or {temperature} = 'item1' and {mRDT-result} = 'item2'","html":"<p>Refer to Health Education<\/p>\n\n\n\n"}]}]}